{
    "name": "root",
    "metadata": {
        "timer_format_version": "0.1.0",
        "start_time_seconds": "1714212002",
        "python_version": "3.9.13 (tags/v3.9.13:6de2ca5, May 17 2022, 16:36:42) [MSC v.1929 64 bit (AMD64)]",
        "command_line_arguments": "D:\\SOFTWARES\\Unity\\Unity Projects\\Machine_Learning\\MLvenv\\Scripts\\mlagents-learn --run-id =Na1",
        "mlagents_version": "0.30.0",
        "mlagents_envs_version": "0.30.0",
        "communication_protocol_version": "1.5.0",
        "pytorch_version": "2.2.2+cpu",
        "numpy_version": "1.21.2",
        "end_time_seconds": "1714212036"
    },
    "total": 34.587670599999996,
    "count": 1,
    "self": 0.0037881999999953564,
    "children": {
        "run_training.setup": {
            "total": 0.01906640000000004,
            "count": 1,
            "self": 0.01906640000000004
        },
        "TrainerController.start_learning": {
            "total": 34.564816,
            "count": 1,
            "self": 0.005802200000033508,
            "children": {
                "TrainerController._reset_env": {
                    "total": 11.2755647,
                    "count": 1,
                    "self": 11.2755647
                },
                "TrainerController.advance": {
                    "total": 23.160237499999972,
                    "count": 253,
                    "self": 0.005166199999973031,
                    "children": {
                        "env_step": {
                            "total": 21.071272099999973,
                            "count": 253,
                            "self": 20.700878099999965,
                            "children": {
                                "SubprocessEnvManager._take_step": {
                                    "total": 0.3677566000000141,
                                    "count": 253,
                                    "self": 0.013057400000000996,
                                    "children": {
                                        "TorchPolicy.evaluate": {
                                            "total": 0.3546992000000131,
                                            "count": 177,
                                            "self": 0.3546992000000131
                                        }
                                    }
                                },
                                "workers": {
                                    "total": 0.0026373999999940168,
                                    "count": 252,
                                    "self": 0.0,
                                    "children": {
                                        "worker_root": {
                                            "total": 6.3015022000000105,
                                            "count": 252,
                                            "is_parallel": true,
                                            "self": 3.6562405000000044,
                                            "children": {
                                                "steps_from_proto": {
                                                    "total": 0.004092800000000452,
                                                    "count": 1,
                                                    "is_parallel": true,
                                                    "self": 0.0008766000000015595,
                                                    "children": {
                                                        "_process_rank_one_or_two_observation": {
                                                            "total": 0.003216199999998892,
                                                            "count": 2,
                                                            "is_parallel": true,
                                                            "self": 0.003216199999998892
                                                        }
                                                    }
                                                },
                                                "UnityEnvironment.step": {
                                                    "total": 2.6411689000000056,
                                                    "count": 252,
                                                    "is_parallel": true,
                                                    "self": 0.030329100000011877,
                                                    "children": {
                                                        "UnityEnvironment._generate_step_input": {
                                                            "total": 0.0665386000000101,
                                                            "count": 252,
                                                            "is_parallel": true,
                                                            "self": 0.0665386000000101
                                                        },
                                                        "communicator.exchange": {
                                                            "total": 2.471320699999989,
                                                            "count": 252,
                                                            "is_parallel": true,
                                                            "self": 2.471320699999989
                                                        },
                                                        "steps_from_proto": {
                                                            "total": 0.07298049999999456,
                                                            "count": 252,
                                                            "is_parallel": true,
                                                            "self": 0.033573999999992665,
                                                            "children": {
                                                                "_process_rank_one_or_two_observation": {
                                                                    "total": 0.0394065000000019,
                                                                    "count": 504,
                                                                    "is_parallel": true,
                                                                    "self": 0.0394065000000019
                                                                }
                                                            }
                                                        }
                                                    }
                                                }
                                            }
                                        }
                                    }
                                }
                            }
                        },
                        "trainer_advance": {
                            "total": 2.0837992000000263,
                            "count": 252,
                            "self": 0.004775900000039357,
                            "children": {
                                "process_trajectory": {
                                    "total": 2.079023299999987,
                                    "count": 252,
                                    "self": 2.079023299999987
                                }
                            }
                        }
                    }
                },
                "trainer_threads": {
                    "total": 1.300000000981072e-06,
                    "count": 1,
                    "self": 1.300000000981072e-06
                },
                "TrainerController._save_models": {
                    "total": 0.12321029999999666,
                    "count": 1,
                    "self": 0.0009655999999935716,